NAIP Entity ID ,State,Agency,Vendor,Map Projection,Projection Zone,Datum,Resolution,Units,Number of Bands,Sensor Type,Project Name,Acquisition Date,Center Latitude,Center Longitude,NW Corner Lat,NW Corner Long,NE Corner Lat,NE Corner Long,SE Corner Lat,SE Corner Long,SW Corner Lat,SW Corner Long,Center Latitude dec,Center Longitude dec,NW Corner Lat dec,NW Corner Long dec,NE Corner Lat dec,NE Corner Long dec,SE Corner Lat dec,SE Corner Long dec,SW Corner Lat dec,SW Corner Long dec,Display ID,Ordering ID,Browse Link
M_3209602_NE_14_060_20181126,TX,USDA,USDA-FSA-APFO,UTM,14N,NAD83,0.600000000000000,METER,4,CNIR,201805_TEXAS_NAIP_0X6000M_UTM_CNIR,2018/11/26,32°58'07.46"N,96°46'52.49"W,33°00'09.05"N,96°48'50.69"W,33°00'04.74"N,96°44'48.31"W,32°56'05.85"N,96°44'54.38"W,32°56'10.15"N,96°48'56.57"W,32.9687388,-96.7812471,33.0025138,-96.8140805,33.0013166,-96.7467527,32.9349583,-96.7484388,32.9361527,-96.8157138,M_3209602_NE_14_060_20181126,2791978,https://earthexplorer.usgs.gov/browse-link/15920/2791978
M_3209602_SE_14_060_20181126,TX,USDA,USDA-FSA-APFO,UTM,14N,NAD83,0.600000000000000,METER,4,CNIR,201805_TEXAS_NAIP_0X6000M_UTM_CNIR,2018/11/26,32°54'22.49"N,96°46'52.45"W,32°56'24.07"N,96°48'50.69"W,32°56'19.77"N,96°44'48.25"W,32°52'20.88"N,96°44'54.30"W,32°52'25.18"N,96°48'56.56"W,32.9062472,-96.781236,32.9400194,-96.8140805,32.9388249,-96.746736,32.8724666,-96.7484166,32.873661,-96.8157111,M_3209602_SE_14_060_20181126,2791980,https://earthexplorer.usgs.gov/browse-link/15920/2791980
M_3209603_NE_14_060_20181126,TX,USDA,USDA-FSA-APFO,UTM,14N,NAD83,0.600000000000000,METER,4,CNIR,201805_TEXAS_NAIP_0X6000M_UTM_CNIR,2018/11/26,32°58'07.52"N,96°39'22.48"W,33°00'09.31"N,96°41'20.62"W,33°00'04.75"N,96°37'18.03"W,32°56'05.70"N,96°37'24.44"W,32°56'10.24"N,96°41'26.85"W,32.9687554,-96.6562444,33.0025861,-96.689061,33.0013194,-96.6216749,32.9349166,-96.6234554,32.9361777,-96.6907916,M_3209603_NE_14_060_20181126,2791982,https://earthexplorer.usgs.gov/browse-link/15920/2791982
M_3209603_NW_14_060_20181126,TX,USDA,USDA-FSA-APFO,UTM,14N,NAD83,0.600000000000000,METER,4,CNIR,201805_TEXAS_NAIP_0X6000M_UTM_CNIR,2018/11/26,32°58'07.50"N,96°43'07.54"W,33°00'09.14"N,96°45'05.77"W,33°00'04.70"N,96°41'03.17"W,32°56'05.83"N,96°41'09.41"W,32°56'10.26"N,96°45'11.82"W,32.9687499,-96.718761,33.0025388,-96.7516027,33.0013055,-96.6842138,32.9349527,-96.6859471,32.9361833,-96.7532833,M_3209603_NW_14_060_20181126,2791983,https://earthexplorer.usgs.gov/browse-link/15920/2791983
M_3209603_SE_14_060_20181126,TX,USDA,USDA-FSA-APFO,UTM,14N,NAD83,0.600000000000000,METER,4,CNIR,201805_TEXAS_NAIP_0X6000M_UTM_CNIR,2018/11/26,32°54'22.55"N,96°39'22.53"W,32°56'24.35"N,96°41'20.70"W,32°56'19.79"N,96°37'18.06"W,32°52'20.73"N,96°37'24.45"W,32°52'25.28"N,96°41'26.91"W,32.9062638,-96.6562583,32.9400971,-96.6890833,32.9388305,-96.6216832,32.8724249,-96.6234582,32.8736888,-96.6908083,M_3209603_SE_14_060_20181126,2791984,https://earthexplorer.usgs.gov/browse-link/15920/2791984
M_3209603_SW_14_060_20181126,TX,USDA,USDA-FSA-APFO,UTM,14N,NAD83,0.600000000000000,METER,4,CNIR,201805_TEXAS_NAIP_0X6000M_UTM_CNIR,2018/11/26,32°54'22.53"N,96°43'07.43"W,32°56'24.17"N,96°45'05.70"W,32°56'19.74"N,96°41'03.04"W,32°52'20.86"N,96°41'09.26"W,32°52'25.28"N,96°45'11.73"W,32.9062583,-96.7187304,32.9400471,-96.7515833,32.9388166,-96.6841777,32.872461,-96.6859055,32.8736888,-96.7532583,M_3209603_SW_14_060_20181126,2791985,https://earthexplorer.usgs.gov/browse-link/15920/2791985
M_3209610_NE_14_060_20181126,TX,USDA,USDA-FSA-APFO,UTM,14N,NAD83,0.600000000000000,METER,4,CNIR,201805_TEXAS_NAIP_0X6000M_UTM_CNIR,2018/11/26,32°50'37.52"N,96°46'52.52"W,32°52'39.10"N,96°48'50.68"W,32°52'34.80"N,96°44'48.41"W,32°48'35.91"N,96°44'54.45"W,32°48'40.20"N,96°48'56.53"W,32.8437555,-96.7812554,32.8775277,-96.8140777,32.8763332,-96.7467805,32.809975,-96.7484583,32.8111666,-96.8157027,M_3209610_NE_14_060_20181126,2792010,https://earthexplorer.usgs.gov/browse-link/15920/2792010
M_3209610_SE_14_060_20181126,TX,USDA,USDA-FSA-APFO,UTM,14N,NAD83,0.600000000000000,METER,4,CNIR,201805_TEXAS_NAIP_0X6000M_UTM_CNIR,2018/11/26,32°46'52.54"N,96°46'52.46"W,32°48'54.12"N,96°48'50.66"W,32°48'49.82"N,96°44'48.33"W,32°44'50.93"N,96°44'54.35"W,32°44'55.22"N,96°48'56.50"W,32.781261,-96.7812388,32.8150333,-96.8140722,32.8138388,-96.7467583,32.7474805,-96.7484305,32.7486721,-96.8156944,M_3209610_SE_14_060_20181126,2792012,https://earthexplorer.usgs.gov/browse-link/15920/2792012
M_3209611_NE_14_060_20181126,TX,USDA,USDA-FSA-APFO,UTM,14N,NAD83,0.600000000000000,METER,4,CNIR,201805_TEXAS_NAIP_0X6000M_UTM_CNIR,2018/11/26,32°50'37.59"N,96°39'22.45"W,32°52'39.38"N,96°41'20.55"W,32°52'34.83"N,96°37'18.07"W,32°48'35.77"N,96°37'24.45"W,32°48'40.30"N,96°41'26.74"W,32.8437749,-96.6562361,32.8776054,-96.6890416,32.8763416,-96.621686,32.8099361,-96.6234582,32.8111944,-96.690761,M_3209611_NE_14_060_20181126,2792014,https://earthexplorer.usgs.gov/browse-link/15920/2792014
M_3209611_NW_14_060_20181126,TX,USDA,USDA-FSA-APFO,UTM,14N,NAD83,0.600000000000000,METER,4,CNIR,201805_TEXAS_NAIP_0X6000M_UTM_CNIR,2018/11/26,32°50'37.56"N,96°43'07.43"W,32°52'39.20"N,96°45'05.61"W,32°52'34.77"N,96°41'03.12"W,32°48'35.89"N,96°41'09.33"W,32°48'40.31"N,96°45'11.64"W,32.8437666,-96.7187304,32.8775554,-96.7515583,32.8763249,-96.6841999,32.8099694,-96.6859249,32.8111972,-96.7532333,M_3209611_NW_14_060_20181126,2792015,https://earthexplorer.usgs.gov/browse-link/15920/2792015
M_3209611_SE_14_060_20181126,TX,USDA,USDA-FSA-APFO,UTM,14N,NAD83,0.600000000000000,METER,4,CNIR,201805_TEXAS_NAIP_0X6000M_UTM_CNIR,2018/11/26,32°46'52.52"N,96°39'22.48"W,32°48'54.21"N,96°41'20.62"W,32°48'49.67"N,96°37'18.08"W,32°44'50.80"N,96°37'24.44"W,32°44'55.33"N,96°41'26.79"W,32.7812554,-96.6562444,32.8150583,-96.689061,32.8137972,-96.6216888,32.7474444,-96.6234554,32.7487027,-96.6907749,M_3209611_SE_14_060_20181126,2792016,https://earthexplorer.usgs.gov/browse-link/15920/2792016
M_3209611_SW_14_060_20181126,TX,USDA,USDA-FSA-APFO,UTM,14N,NAD83,0.600000000000000,METER,4,CNIR,201805_TEXAS_NAIP_0X6000M_UTM_CNIR,2018/11/26,32°46'52.59"N,96°43'07.53"W,32°48'54.22"N,96°45'05.75"W,32°48'49.80"N,96°41'03.20"W,32°44'50.92"N,96°41'09.39"W,32°44'55.33"N,96°45'11.76"W,32.7812749,-96.7187582,32.8150611,-96.7515972,32.8138333,-96.6842221,32.7474777,-96.6859416,32.7487027,-96.7532666,M_3209611_SW_14_060_20181126,2792017,https://earthexplorer.usgs.gov/browse-link/15920/2792017
M_3209618_NE_14_060_20181126,TX,USDA,USDA-FSA-APFO,UTM,14N,NAD83,0.600000000000000,METER,4,CNIR,201805_TEXAS_NAIP_0X6000M_UTM_CNIR,2018/11/26,32°43'07.56"N,96°46'52.39"W,32°45'09.14"N,96°48'50.63"W,32°45'04.84"N,96°44'48.24"W,32°41'05.95"N,96°44'54.25"W,32°41'10.23"N,96°48'56.46"W,32.7187666,-96.7812193,32.7525388,-96.8140638,32.7513444,-96.7467333,32.684986,-96.7484027,32.6861749,-96.8156833,M_3209618_NE_14_060_20181126,2792041,https://earthexplorer.usgs.gov/browse-link/15920/2792041
M_3209618_SE_14_060_20181126,TX,USDA,USDA-FSA-APFO,UTM,14N,NAD83,0.600000000000000,METER,4,CNIR,201805_TEXAS_NAIP_0X6000M_UTM_CNIR,2018/11/26,32°39'22.48"N,96°46'52.43"W,32°41'23.96"N,96°48'50.59"W,32°41'19.67"N,96°44'48.37"W,32°37'20.97"N,96°44'54.36"W,32°37'25.25"N,96°48'56.40"W,32.6562444,-96.7812304,32.6899888,-96.8140527,32.6887971,-96.7467694,32.6224916,-96.7484333,32.6236804,-96.8156666,M_3209618_SE_14_060_20181126,2792044,https://earthexplorer.usgs.gov/browse-link/15920/2792044
M_3209619_NE_14_060_20181126,TX,USDA,USDA-FSA-APFO,UTM,14N,NAD83,0.600000000000000,METER,4,CNIR,201805_TEXAS_NAIP_0X6000M_UTM_CNIR,2018/11/26,32°43'07.45"N,96°39'22.50"W,32°45'09.24"N,96°41'20.67"W,32°45'04.70"N,96°37'18.07"W,32°41'05.63"N,96°37'24.42"W,32°41'10.16"N,96°41'26.84"W,32.718736,-96.65625,32.7525666,-96.6890749,32.7513055,-96.621686,32.6848971,-96.6234499,32.6861555,-96.6907888,M_3209619_NE_14_060_20181126,2792046,https://earthexplorer.usgs.gov/browse-link/15920/2792046
M_3209619_NW_14_060_20181126,TX,USDA,USDA-FSA-APFO,UTM,14N,NAD83,0.600000000000000,METER,4,CNIR,201805_TEXAS_NAIP_0X6000M_UTM_CNIR,2018/11/26,32°43'07.51"N,96°43'07.50"W,32°45'09.25"N,96°45'05.65"W,32°45'04.83"N,96°41'03.27"W,32°41'05.75"N,96°41'09.45"W,32°41'10.16"N,96°45'11.65"W,32.7187527,-96.7187499,32.7525694,-96.7515694,32.7513416,-96.6842416,32.6849305,-96.6859583,32.6861555,-96.7532361,M_3209619_NW_14_060_20181126,2792047,https://earthexplorer.usgs.gov/browse-link/15920/2792047
M_3309658_NE_14_060_20181126,TX,USDA,USDA-FSA-APFO,UTM,14N,NAD83,0.600000000000000,METER,4,CNIR,201805_TEXAS_NAIP_0X6000M_UTM_CNIR,2018/11/26,33°05'37.50"N,96°46'52.42"W,33°07'38.99"N,96°48'50.67"W,33°07'34.67"N,96°44'48.18"W,33°03'35.98"N,96°44'54.27"W,33°03'40.29"N,96°48'56.57"W,33.0937499,-96.7812277,33.1274971,-96.814075,33.1262971,-96.7467166,33.0599944,-96.7484083,33.0611916,-96.8157138,M_3309658_NE_14_060_20181126,2794471,https://earthexplorer.usgs.gov/browse-link/15920/2794471
M_3309658_SE_14_060_20181126,TX,USDA,USDA-FSA-APFO,UTM,14N,NAD83,0.600000000000000,METER,4,CNIR,201805_TEXAS_NAIP_0X6000M_UTM_CNIR,2018/11/26,33°01'52.53"N,96°46'52.52"W,33°03'54.02"N,96°48'50.68"W,33°03'49.71"N,96°44'48.37"W,32°59'51.02"N,96°44'54.44"W,32°59'55.32"N,96°48'56.58"W,33.0312582,-96.7812554,33.0650055,-96.8140777,33.0638083,-96.7467694,32.9975055,-96.7484555,32.9986999,-96.8157166,M_3309658_SE_14_060_20181126,2794473,https://earthexplorer.usgs.gov/browse-link/15920/2794473
M_3309659_NE_14_060_20181126,TX,USDA,USDA-FSA-APFO,UTM,14N,NAD83,0.600000000000000,METER,4,CNIR,201805_TEXAS_NAIP_0X6000M_UTM_CNIR,2018/11/26,33°05'37.44"N,96°39'22.48"W,33°07'39.24"N,96°41'20.65"W,33°07'34.67"N,96°37'17.95"W,33°03'35.62"N,96°37'24.39"W,33°03'40.18"N,96°41'26.91"W,33.0937333,-96.6562444,33.1275666,-96.6890694,33.1262971,-96.6216527,33.0598944,-96.6234416,33.0611611,-96.6908083,M_3309659_NE_14_060_20181126,2794475,https://earthexplorer.usgs.gov/browse-link/15920/2794475
M_3309659_NW_14_060_20181126,TX,USDA,USDA-FSA-APFO,UTM,14N,NAD83,0.600000000000000,METER,4,CNIR,201805_TEXAS_NAIP_0X6000M_UTM_CNIR,2018/11/26,33°05'37.53"N,96°43'07.50"W,33°07'39.27"N,96°45'05.65"W,33°07'34.83"N,96°41'03.17"W,33°03'35.76"N,96°41'09.44"W,33°03'40.19"N,96°45'11.74"W,33.0937583,-96.7187499,33.1275749,-96.7515694,33.1263416,-96.6842138,33.0599333,-96.6859555,33.0611638,-96.7532611,M_3309659_NW_14_060_20181126,2794476,https://earthexplorer.usgs.gov/browse-link/15920/2794476
M_3309659_SE_14_060_20181126,TX,USDA,USDA-FSA-APFO,UTM,14N,NAD83,0.600000000000000,METER,4,CNIR,201805_TEXAS_NAIP_0X6000M_UTM_CNIR,2018/11/26,33°01'52.48"N,96°39'22.54"W,33°03'54.28"N,96°41'20.76"W,33°03'49.71"N,96°37'18.00"W,32°59'50.66"N,96°37'24.42"W,32°59'55.21"N,96°41'27.00"W,33.0312443,-96.6562611,33.0650777,-96.6890999,33.0638083,-96.6216666,32.9974055,-96.6234499,32.9986694,-96.6908333,M_3309659_SE_14_060_20181126,2794477,https://earthexplorer.usgs.gov/browse-link/15920/2794477
M_3309659_SW_14_060_20181126,TX,USDA,USDA-FSA-APFO,UTM,14N,NAD83,0.600000000000000,METER,4,CNIR,201805_TEXAS_NAIP_0X6000M_UTM_CNIR,2018/11/26,33°01'52.46"N,96°43'07.41"W,33°03'54.11"N,96°45'05.60"W,33°03'49.67"N,96°41'03.07"W,32°59'50.79"N,96°41'09.31"W,32°59'55.22"N,96°45'11.67"W,33.0312388,-96.7187249,33.0650305,-96.7515555,33.0637972,-96.684186,32.9974416,-96.6859194,32.9986721,-96.7532416,M_3309659_SW_14_060_20181126,2794478,https://earthexplorer.usgs.gov/browse-link/15920/2794478
M_3209601_SE_14_060_20181120,TX,USDA,USDA-FSA-APFO,UTM,14N,NAD83,0.600000000000000,METER,4,CNIR,201805_TEXAS_NAIP_0X6000M_UTM_CNIR,2018/11/20,32°54'22.46"N,96°54'22.50"W,32°56'23.74"N,96°56'20.69"W,32°56'19.68"N,96°52'18.69"W,32°52'21.16"N,96°52'24.40"W,32°52'25.21"N,96°56'26.22"W,32.9062388,-96.90625,32.9399277,-96.9390805,32.9387999,-96.8718582,32.8725443,-96.8734443,32.8736693,-96.9406166,M_3209601_SE_14_060_20181120,2791976,https://earthexplorer.usgs.gov/browse-link/15920/2791976
M_3209601_SW_14_060_20181120,TX,USDA,USDA-FSA-APFO,UTM,14N,NAD83,0.600000000000000,METER,4,CNIR,201805_TEXAS_NAIP_0X6000M_UTM_CNIR,2018/11/20,32°54'22.47"N,96°58'07.41"W,32°56'23.69"N,97°00'05.69"W,32°56'19.76"N,96°56'03.69"W,32°52'21.23"N,96°56'09.23"W,32°52'25.16"N,97°00'11.05"W,32.9062416,-96.9687249,32.9399138,-97.0015805,32.9388221,-96.9343583,32.8725638,-96.9358971,32.8736554,-97.0030694,M_3209601_SW_14_060_20181120,2791977,https://earthexplorer.usgs.gov/browse-link/15920/2791977
M_3209602_NW_14_060_20181120,TX,USDA,USDA-FSA-APFO,UTM,14N,NAD83,0.600000000000000,METER,4,CNIR,201805_TEXAS_NAIP_0X6000M_UTM_CNIR,2018/11/20,32°58'07.51"N,96°50'37.44"W,33°00'09.04"N,96°52'35.61"W,33°00'04.85"N,96°48'33.46"W,32°56'05.96"N,96°48'39.35"W,32°56'10.13"N,96°52'41.33"W,32.9687527,-96.8437333,33.0025111,-96.8765582,33.0013472,-96.8092944,32.9349888,-96.8109305,32.9361471,-96.8781471,M_3209602_NW_14_060_20181120,2791979,https://earthexplorer.usgs.gov/browse-link/15920/2791979
M_3209602_SW_14_060_20181120,TX,USDA,USDA-FSA-APFO,UTM,14N,NAD83,0.600000000000000,METER,4,CNIR,201805_TEXAS_NAIP_0X6000M_UTM_CNIR,2018/11/20,32°54'22.44"N,96°50'37.47"W,32°56'23.86"N,96°52'35.69"W,32°56'19.68"N,96°48'33.47"W,32°52'20.98"N,96°48'39.35"W,32°52'25.15"N,96°52'41.39"W,32.9062333,-96.8437416,32.939961,-96.8765804,32.9387999,-96.8092972,32.8724943,-96.8109305,32.8736527,-96.8781638,M_3209602_SW_14_060_20181120,2791981,https://earthexplorer.usgs.gov/browse-link/15920/2791981
M_3209609_NE_14_060_20181120,TX,USDA,USDA-FSA-APFO,UTM,14N,NAD83,0.600000000000000,METER,4,CNIR,201805_TEXAS_NAIP_0X6000M_UTM_CNIR,2018/11/20,32°50'37.48"N,96°54'22.37"W,32°52'38.75"N,96°56'20.59"W,32°52'34.70"N,96°52'18.54"W,32°48'36.18"N,96°52'24.23"W,32°48'40.22"N,96°56'26.11"W,32.8437444,-96.9062138,32.8774304,-96.9390527,32.8763054,-96.8718166,32.81005,-96.8733971,32.8111722,-96.940586,M_3209609_NE_14_060_20181120,2792006,https://earthexplorer.usgs.gov/browse-link/15920/2792006
M_3209609_NW_14_060_20181120,TX,USDA,USDA-FSA-APFO,UTM,14N,NAD83,0.600000000000000,METER,4,CNIR,201805_TEXAS_NAIP_0X6000M_UTM_CNIR,2018/11/20,32°50'37.49"N,96°58'07.47"W,32°52'38.71"N,97°00'05.67"W,32°52'34.77"N,96°56'03.83"W,32°48'36.25"N,96°56'09.36"W,32°48'40.17"N,97°00'11.01"W,32.8437471,-96.9687416,32.8774193,-97.001575,32.8763249,-96.9343971,32.8100694,-96.9359333,32.8111583,-97.0030583,M_3209609_NW_14_060_20181120,2792007,https://earthexplorer.usgs.gov/browse-link/15920/2792007
M_3209609_SE_14_060_20181120,TX,USDA,USDA-FSA-APFO,UTM,14N,NAD83,0.600000000000000,METER,4,CNIR,201805_TEXAS_NAIP_0X6000M_UTM_CNIR,2018/11/20,32°46'52.50"N,96°54'22.45"W,32°48'53.77"N,96°56'20.72"W,32°48'49.72"N,96°52'18.60"W,32°44'51.19"N,96°52'24.28"W,32°44'55.24"N,96°56'26.22"W,32.7812499,-96.9062361,32.8149361,-96.9390888,32.8138111,-96.8718332,32.7475527,-96.873411,32.7486777,-96.9406166,M_3209609_SE_14_060_20181120,2792008,https://earthexplorer.usgs.gov/browse-link/15920/2792008
M_3209609_SW_14_060_20181120,TX,USDA,USDA-FSA-APFO,UTM,14N,NAD83,0.600000000000000,METER,4,CNIR,201805_TEXAS_NAIP_0X6000M_UTM_CNIR,2018/11/20,32°46'52.50"N,96°58'07.40"W,32°48'53.72"N,97°00'05.64"W,32°48'49.79"N,96°56'03.74"W,32°44'51.26"N,96°56'09.25"W,32°44'55.17"N,97°00'10.97"W,32.7812499,-96.9687221,32.8149222,-97.0015666,32.8138305,-96.9343721,32.7475721,-96.9359027,32.7486583,-97.0030472,M_3209609_SW_14_060_20181120,2792009,https://earthexplorer.usgs.gov/browse-link/15920/2792009
M_3209610_NW_14_060_20181120,TX,USDA,USDA-FSA-APFO,UTM,14N,NAD83,0.600000000000000,METER,4,CNIR,201805_TEXAS_NAIP_0X6000M_UTM_CNIR,2018/11/20,32°50'37.46"N,96°50'37.50"W,32°52'38.89"N,96°52'35.75"W,32°52'34.71"N,96°48'33.47"W,32°48'36.00"N,96°48'39.34"W,32°48'40.17"N,96°52'41.43"W,32.8437388,-96.8437499,32.8774693,-96.8765971,32.8763082,-96.8092972,32.81,-96.8109277,32.8111583,-96.8781749,M_3209610_NW_14_060_20181120,2792011,https://earthexplorer.usgs.gov/browse-link/15920/2792011
M_3209610_SW_14_060_20181120,TX,USDA,USDA-FSA-APFO,UTM,14N,NAD83,0.600000000000000,METER,4,CNIR,201805_TEXAS_NAIP_0X6000M_UTM_CNIR,2018/11/20,32°46'52.47"N,96°50'37.40"W,32°48'53.90"N,96°52'35.57"W,32°48'49.73"N,96°48'33.46"W,32°44'51.02"N,96°48'39.31"W,32°44'55.18"N,96°52'41.24"W,32.7812416,-96.8437221,32.8149722,-96.8765471,32.8138138,-96.8092944,32.7475055,-96.8109194,32.748661,-96.8781221,M_3209610_SW_14_060_20181120,2792013,https://earthexplorer.usgs.gov/browse-link/15920/2792013
M_3209617_NE_14_060_20181120,TX,USDA,USDA-FSA-APFO,UTM,14N,NAD83,0.600000000000000,METER,4,CNIR,201805_TEXAS_NAIP_0X6000M_UTM_CNIR,2018/11/20,32°43'07.51"N,96°54'22.42"W,32°45'08.78"N,96°56'20.60"W,32°45'04.73"N,96°52'18.66"W,32°41'06.21"N,96°52'24.32"W,32°41'10.24"N,96°56'26.09"W,32.7187527,-96.9062277,32.7524388,-96.9390555,32.7513138,-96.8718499,32.6850583,-96.8734221,32.6861777,-96.9405805,M_3209617_NE_14_060_20181120,2792038,https://earthexplorer.usgs.gov/browse-link/15920/2792038
M_3209617_NW_14_060_20181120,TX,USDA,USDA-FSA-APFO,UTM,14N,NAD83,0.600000000000000,METER,4,CNIR,201805_TEXAS_NAIP_0X6000M_UTM_CNIR,2018/11/20,32°43'07.51"N,96°58'07.44"W,32°45'08.72"N,97°00'05.59"W,32°45'04.80"N,96°56'03.87"W,32°41'06.27"N,96°56'09.37"W,32°41'10.18"N,97°00'10.91"W,32.7187527,-96.9687332,32.7524222,-97.0015527,32.7513333,-96.9344083,32.6850749,-96.935936,32.686161,-97.0030305,M_3209617_NW_14_060_20181120,2792039,https://earthexplorer.usgs.gov/browse-link/15920/2792039
M_3209617_SE_14_060_20181120,TX,USDA,USDA-FSA-APFO,UTM,14N,NAD83,0.600000000000000,METER,4,CNIR,201805_TEXAS_NAIP_0X6000M_UTM_CNIR,2018/11/20,32°39'22.52"N,96°54'22.49"W,32°41'23.79"N,96°56'20.71"W,32°41'19.75"N,96°52'18.70"W,32°37'21.22"N,96°52'24.35"W,32°37'25.25"N,96°56'26.19"W,32.6562555,-96.9062472,32.6899416,-96.939086,32.6888194,-96.871861,32.622561,-96.8734304,32.6236804,-96.9406083,M_3209617_SE_14_060_20181120,2792040,https://earthexplorer.usgs.gov/browse-link/15920/2792040
M_3209617_SW_14_060_20181120,TX,USDA,USDA-FSA-APFO,UTM,14N,NAD83,0.600000000000000,METER,4,CNIR,201805_TEXAS_NAIP_0X6000M_UTM_CNIR,2018/11/20,32°39'22.52"N,96°58'07.47"W,32°41'23.73"N,97°00'05.78"W,32°41'19.81"N,96°56'03.76"W,32°37'21.28"N,96°56'09.24"W,32°37'25.19"N,97°00'11.08"W,32.6562555,-96.9687416,32.6899249,-97.0016055,32.688836,-96.9343777,32.6225777,-96.9358999,32.6236638,-97.0030777,M_3209617_SW_14_060_20181120,2792042,https://earthexplorer.usgs.gov/browse-link/15920/2792042
M_3209618_NW_14_060_20181120,TX,USDA,USDA-FSA-APFO,UTM,14N,NAD83,0.600000000000000,METER,4,CNIR,201805_TEXAS_NAIP_0X6000M_UTM_CNIR,2018/11/20,32°43'07.49"N,96°50'37.40"W,32°45'08.92"N,96°52'35.61"W,32°45'04.75"N,96°48'33.45"W,32°41'06.04"N,96°48'39.28"W,32°41'10.20"N,96°52'41.27"W,32.7187471,-96.8437221,32.7524777,-96.8765582,32.7513194,-96.8092916,32.685011,-96.8109111,32.6861666,-96.8781304,M_3209618_NW_14_060_20181120,2792043,https://earthexplorer.usgs.gov/browse-link/15920/2792043
M_3209618_SW_14_060_20181120,TX,USDA,USDA-FSA-APFO,UTM,14N,NAD83,0.600000000000000,METER,4,CNIR,201805_TEXAS_NAIP_0X6000M_UTM_CNIR,2018/11/20,32°39'22.51"N,96°50'37.40"W,32°41'23.93"N,96°52'35.65"W,32°41'19.77"N,96°48'33.42"W,32°37'21.05"N,96°48'39.24"W,32°37'25.21"N,96°52'41.29"W,32.6562527,-96.8437221,32.6899805,-96.8765693,32.6888249,-96.8092833,32.6225138,-96.8109,32.6236693,-96.878136,M_3209618_SW_14_060_20181120,2792045,https://earthexplorer.usgs.gov/browse-link/15920/2792045
M_3209601_NE_14_060_20181120,TX,USDA,USDA-FSA-APFO,UTM,14N,NAD83,0.600000000000000,METER,4,CNIR,201805_TEXAS_NAIP_0X6000M_UTM_CNIR,2018/11/20,32°58'07.54"N,96°54'22.51"W,33°00'08.92"N,96°56'20.77"W,33°00'04.85"N,96°52'18.61"W,32°56'06.14"N,96°52'24.33"W,32°56'10.20"N,96°56'26.32"W,32.968761,-96.9062527,33.0024777,-96.9391027,33.0013472,-96.871836,32.9350388,-96.8734249,32.9361666,-96.9406444,M_3209601_NE_14_060_20181120,2792230,https://earthexplorer.usgs.gov/browse-link/15920/2792230
M_3209601_NW_14_060_20181120,TX,USDA,USDA-FSA-APFO,UTM,14N,NAD83,0.600000000000000,METER,4,CNIR,201805_TEXAS_NAIP_0X6000M_UTM_CNIR,2018/11/20,32°58'07.46"N,96°58'07.47"W,33°00'08.68"N,97°00'05.71"W,33°00'04.74"N,96°56'03.76"W,32°56'06.21"N,96°56'09.32"W,32°56'10.14"N,97°00'11.08"W,32.9687388,-96.9687416,33.0024111,-97.0015861,33.0013166,-96.9343777,32.9350583,-96.9359221,32.9361499,-97.0030777,M_3209601_NW_14_060_20181120,2792231,https://earthexplorer.usgs.gov/browse-link/15920/2792231
M_3209706_SE_14_060_20181120,TX,USDA,USDA-FSA-APFO,UTM,14N,NAD83,0.600000000000000,METER,4,CNIR,201805_TEXAS_NAIP_0X6000M_UTM_CNIR,2018/11/20,32°54'22.50"N,97°16'52.50"W,32°56'23.14"N,97°18'50.76"W,32°56'19.82"N,97°14'49.64"W,32°52'21.84"N,97°14'54.33"W,32°52'25.15"N,97°18'55.27"W,32.90625,-97.2812499,32.939761,-97.3141,32.9388388,-97.2471221,32.8727332,-97.2484249,32.8736527,-97.3153527,M_3209706_SE_14_060_20181120,2792252,https://earthexplorer.usgs.gov/browse-link/15920/2792252
M_3209707_NE_14_060_20181120,TX,USDA,USDA-FSA-APFO,UTM,14N,NAD83,0.600000000000000,METER,4,CNIR,201805_TEXAS_NAIP_0X6000M_UTM_CNIR,2018/11/20,32°58'07.51"N,97°09'22.47"W,33°00'08.46"N,97°11'20.75"W,33°00'04.89"N,97°07'19.24"W,32°56'06.54"N,97°07'24.29"W,32°56'10.10"N,97°11'25.62"W,32.9687527,-97.1562416,33.00235,-97.1890971,33.0013583,-97.122011,32.9351499,-97.1234138,32.9361388,-97.1904499,M_3209707_NE_14_060_20181120,2792254,https://earthexplorer.usgs.gov/browse-link/15920/2792254
M_3209707_NW_14_060_20181120,TX,USDA,USDA-FSA-APFO,UTM,14N,NAD83,0.600000000000000,METER,4,CNIR,201805_TEXAS_NAIP_0X6000M_UTM_CNIR,2018/11/20,32°58'07.47"N,97°13'07.45"W,33°00'08.16"N,97°15'05.70"W,33°00'04.72"N,97°11'04.41"W,32°56'06.74"N,97°11'09.28"W,32°56'10.18"N,97°15'10.39"W,32.9687416,-97.218736,33.0022666,-97.2515833,33.0013111,-97.1845583,32.9352055,-97.185911,32.936161,-97.2528861,M_3209707_NW_14_060_20181120,2792255,https://earthexplorer.usgs.gov/browse-link/15920/2792255
M_3209707_SE_14_060_20181120,TX,USDA,USDA-FSA-APFO,UTM,14N,NAD83,0.600000000000000,METER,4,CNIR,201805_TEXAS_NAIP_0X6000M_UTM_CNIR,2018/11/20,32°54'22.52"N,97°09'22.41"W,32°56'23.47"N,97°11'20.72"W,32°56'19.90"N,97°07'19.15"W,32°52'21.54"N,97°07'24.18"W,32°52'25.10"N,97°11'25.57"W,32.9062555,-97.156225,32.9398527,-97.1890888,32.938861,-97.121986,32.8726499,-97.1233832,32.8736388,-97.190436,M_3209707_SE_14_060_20181120,2792256,https://earthexplorer.usgs.gov/browse-link/15920/2792256
M_3209707_SW_14_060_20181120,TX,USDA,USDA-FSA-APFO,UTM,14N,NAD83,0.600000000000000,METER,4,CNIR,201805_TEXAS_NAIP_0X6000M_UTM_CNIR,2018/11/20,32°54'22.47"N,97°13'07.45"W,32°56'23.17"N,97°15'05.74"W,32°56'19.72"N,97°11'04.40"W,32°52'21.74"N,97°11'09.25"W,32°52'25.18"N,97°15'10.42"W,32.9062416,-97.218736,32.9397694,-97.2515944,32.938811,-97.1845555,32.8727054,-97.1859027,32.873661,-97.2528944,M_3209707_SW_14_060_20181120,2792257,https://earthexplorer.usgs.gov/browse-link/15920/2792257
M_3209708_NE_14_060_20181120,TX,USDA,USDA-FSA-APFO,UTM,14N,NAD83,0.600000000000000,METER,4,CNIR,201805_TEXAS_NAIP_0X6000M_UTM_CNIR,2018/11/20,32°58'07.46"N,97°01'52.43"W,33°00'08.52"N,97°03'50.64"W,33°00'04.71"N,96°59'48.92"W,32°56'06.37"N,96°59'54.30"W,32°56'10.17"N,97°03'55.84"W,32.9687388,-97.0312304,33.0023666,-97.0640666,33.0013083,-96.9969221,32.9351027,-96.9984166,32.9361583,-97.0655111,M_3209708_NE_14_060_20181120,2792258,https://earthexplorer.usgs.gov/browse-link/15920/2792258
M_3209708_NW_14_060_20181120,TX,USDA,USDA-FSA-APFO,UTM,14N,NAD83,0.600000000000000,METER,4,CNIR,201805_TEXAS_NAIP_0X6000M_UTM_CNIR,2018/11/20,32°58'07.54"N,97°05'37.51"W,33°00'08.45"N,97°07'35.81"W,33°00'04.76"N,97°03'34.08"W,32°56'06.61"N,97°03'39.29"W,32°56'10.29"N,97°07'40.84"W,32.968761,-97.0937527,33.0023472,-97.1266138,33.0013222,-97.0594666,32.9351694,-97.0609138,32.9361916,-97.128011,M_3209708_NW_14_060_20181120,2792259,https://earthexplorer.usgs.gov/browse-link/15920/2792259
M_3209708_SE_14_060_20181120,TX,USDA,USDA-FSA-APFO,UTM,14N,NAD83,0.600000000000000,METER,4,CNIR,201805_TEXAS_NAIP_0X6000M_UTM_CNIR,2018/11/20,32°54'22.47"N,97°01'52.45"W,32°56'23.54"N,97°03'50.70"W,32°56'19.72"N,96°59'48.92"W,32°52'21.38"N,96°59'54.28"W,32°52'25.18"N,97°03'55.89"W,32.9062416,-97.031236,32.9398721,-97.0640833,32.938811,-96.9969221,32.8726054,-96.998411,32.873661,-97.065525,M_3209708_SE_14_060_20181120,2792260,https://earthexplorer.usgs.gov/browse-link/15920/2792260
M_3209708_SW_14_060_20181120,TX,USDA,USDA-FSA-APFO,UTM,14N,NAD83,0.600000000000000,METER,4,CNIR,201805_TEXAS_NAIP_0X6000M_UTM_CNIR,2018/11/20,32°54'22.45"N,97°05'37.49"W,32°56'23.46"N,97°07'35.71"W,32°56'19.77"N,97°03'34.15"W,32°52'21.42"N,97°03'39.35"W,32°52'25.10"N,97°07'40.73"W,32.9062361,-97.0937471,32.9398499,-97.126586,32.9388249,-97.0594861,32.8726166,-97.0609305,32.8736388,-97.1279804,M_3209708_SW_14_060_20181120,2792261,https://earthexplorer.usgs.gov/browse-link/15920/2792261
M_3209714_NE_14_060_20181120,TX,USDA,USDA-FSA-APFO,UTM,14N,NAD83,0.600000000000000,METER,4,CNIR,201805_TEXAS_NAIP_0X6000M_UTM_CNIR,2018/11/20,32°50'37.50"N,97°16'52.46"W,32°52'38.14"N,97°18'50.64"W,32°52'34.82"N,97°14'49.69"W,32°48'36.83"N,97°14'54.36"W,32°48'40.14"N,97°18'55.14"W,32.8437499,-97.2812388,32.877261,-97.3140666,32.8763388,-97.247136,32.8102305,-97.2484333,32.81115,-97.3153166,M_3209714_NE_14_060_20181120,2792282,https://earthexplorer.usgs.gov/browse-link/15920/2792282
M_3209714_NW_14_060_20181120,TX,USDA,USDA-FSA-APFO,UTM,14N,NAD83,0.600000000000000,METER,4,CNIR,201805_TEXAS_NAIP_0X6000M_UTM_CNIR,2018/11/20,32°50'37.52"N,97°20'37.46"W,32°52'38.00"N,97°22'35.74"W,32°52'34.81"N,97°18'34.77"W,32°48'37.00"N,97°18'39.28"W,32°48'40.19"N,97°22'40.06"W,32.8437555,-97.3437388,32.8772221,-97.3765943,32.876336,-97.3096583,32.8102777,-97.3109111,32.8111638,-97.3777943,M_3209714_NW_14_060_20181120,2792283,https://earthexplorer.usgs.gov/browse-link/15920/2792283
M_3209714_SE_14_060_20181120,TX,USDA,USDA-FSA-APFO,UTM,14N,NAD83,0.600000000000000,METER,4,CNIR,201805_TEXAS_NAIP_0X6000M_UTM_CNIR,2018/11/20,32°46'52.50"N,97°16'52.52"W,32°48'53.13"N,97°18'50.74"W,32°48'49.82"N,97°14'49.72"W,32°44'51.83"N,97°14'54.39"W,32°44'55.13"N,97°18'55.23"W,32.7812499,-97.2812554,32.8147583,-97.3140944,32.8138388,-97.2471444,32.7477305,-97.2484416,32.7486471,-97.3153416,M_3209714_SE_14_060_20181120,2792284,https://earthexplorer.usgs.gov/browse-link/15920/2792284
M_3209714_SW_14_060_20181120,TX,USDA,USDA-FSA-APFO,UTM,14N,NAD83,0.600000000000000,METER,4,CNIR,201805_TEXAS_NAIP_0X6000M_UTM_CNIR,2018/11/20,32°46'52.51"N,97°20'37.49"W,32°48'52.99"N,97°22'35.68"W,32°48'49.80"N,97°18'34.89"W,32°44'52.00"N,97°18'39.38"W,32°44'55.18"N,97°22'40.00"W,32.7812527,-97.3437471,32.8147194,-97.3765777,32.8138333,-97.3096916,32.7477777,-97.3109388,32.748661,-97.3777777,M_3209714_SW_14_060_20181120,2792285,https://earthexplorer.usgs.gov/browse-link/15920/2792285
M_3209715_NE_14_060_20181120,TX,USDA,USDA-FSA-APFO,UTM,14N,NAD83,0.600000000000000,METER,4,CNIR,201805_TEXAS_NAIP_0X6000M_UTM_CNIR,2018/11/20,32°50'37.42"N,97°09'22.45"W,32°52'38.27"N,97°11'20.69"W,32°52'34.71"N,97°07'19.29"W,32°48'36.55"N,97°07'24.31"W,32°48'40.10"N,97°11'25.53"W,32.8437277,-97.1562361,32.8772971,-97.1890805,32.8763082,-97.1220249,32.8101527,-97.1234193,32.8111388,-97.1904249,M_3209715_NE_14_060_20181120,2792286,https://earthexplorer.usgs.gov/browse-link/15920/2792286
M_3209715_NW_14_060_20181120,TX,USDA,USDA-FSA-APFO,UTM,14N,NAD83,0.600000000000000,METER,4,CNIR,201805_TEXAS_NAIP_0X6000M_UTM_CNIR,2018/11/20,32°50'37.47"N,97°13'07.45"W,32°52'38.17"N,97°15'05.78"W,32°52'34.73"N,97°11'04.37"W,32°48'36.74"N,97°11'09.22"W,32°48'40.18"N,97°15'10.45"W,32.8437416,-97.218736,32.8772693,-97.2516055,32.8763138,-97.1845471,32.8102055,-97.1858944,32.8111611,-97.2529027,M_3209715_NW_14_060_20181120,2792287,https://earthexplorer.usgs.gov/browse-link/15920/2792287
M_3209715_SE_14_060_20181120,TX,USDA,USDA-FSA-APFO,UTM,14N,NAD83,0.600000000000000,METER,4,CNIR,201805_TEXAS_NAIP_0X6000M_UTM_CNIR,2018/11/20,32°46'52.42"N,97°09'22.37"W,32°48'53.27"N,97°11'20.65"W,32°48'49.72"N,97°07'19.18"W,32°44'51.55"N,97°07'24.19"W,32°44'55.10"N,97°11'25.47"W,32.7812277,-97.1562138,32.8147972,-97.1890694,32.8138111,-97.1219943,32.7476527,-97.123386,32.7486388,-97.1904083,M_3209715_SE_14_060_20181120,2792288,https://earthexplorer.usgs.gov/browse-link/15920/2792288
M_3209715_SW_14_060_20181120,TX,USDA,USDA-FSA-APFO,UTM,14N,NAD83,0.600000000000000,METER,4,CNIR,201805_TEXAS_NAIP_0X6000M_UTM_CNIR,2018/11/20,32°46'52.47"N,97°13'07.56"W,32°48'53.16"N,97°15'05.81"W,32°48'49.73"N,97°11'04.57"W,32°44'51.75"N,97°11'09.40"W,32°44'55.17"N,97°15'10.46"W,32.7812416,-97.2187666,32.8147666,-97.2516138,32.8138138,-97.1846027,32.7477083,-97.1859444,32.7486583,-97.2529055,M_3209715_SW_14_060_20181120,2792289,https://earthexplorer.usgs.gov/browse-link/15920/2792289
M_3209716_NE_14_060_20181120,TX,USDA,USDA-FSA-APFO,UTM,14N,NAD83,0.600000000000000,METER,4,CNIR,201805_TEXAS_NAIP_0X6000M_UTM_CNIR,2018/11/20,32°50'37.48"N,97°01'52.46"W,32°52'38.55"N,97°03'50.75"W,32°52'34.74"N,96°59'48.91"W,32°48'36.39"N,96°59'54.26"W,32°48'40.19"N,97°03'55.92"W,32.8437444,-97.0312388,32.8773749,-97.0640972,32.8763166,-96.9969194,32.8101083,-96.9984055,32.8111638,-97.0655333,M_3209716_NE_14_060_20181120,2792290,https://earthexplorer.usgs.gov/browse-link/15920/2792290
M_3209716_NW_14_060_20181120,TX,USDA,USDA-FSA-APFO,UTM,14N,NAD83,0.600000000000000,METER,4,CNIR,201805_TEXAS_NAIP_0X6000M_UTM_CNIR,2018/11/20,32°50'37.46"N,97°05'37.45"W,32°52'38.46"N,97°07'35.60"W,32°52'34.78"N,97°03'34.21"W,32°48'36.43"N,97°03'39.40"W,32°48'40.10"N,97°07'40.61"W,32.8437388,-97.093736,32.8773499,-97.1265554,32.8763277,-97.0595027,32.8101194,-97.0609444,32.8111388,-97.1279471,M_3209716_NW_14_060_20181120,2792291,https://earthexplorer.usgs.gov/browse-link/15920/2792291
M_3209716_SE_14_060_20181120,TX,USDA,USDA-FSA-APFO,UTM,14N,NAD83,0.600000000000000,METER,4,CNIR,201805_TEXAS_NAIP_0X6000M_UTM_CNIR,2018/11/20,32°46'52.49"N,97°01'52.46"W,32°48'53.55"N,97°03'50.79"W,32°48'49.75"N,96°59'48.88"W,32°44'51.40"N,96°59'54.23"W,32°44'55.20"N,97°03'55.95"W,32.7812471,-97.0312388,32.814875,-97.0641083,32.8138194,-96.996911,32.747611,-96.9983971,32.7486666,-97.0655416,M_3209716_SE_14_060_20181120,2792292,https://earthexplorer.usgs.gov/browse-link/15920/2792292
M_3209716_SW_14_060_20181120,TX,USDA,USDA-FSA-APFO,UTM,14N,NAD83,0.600000000000000,METER,4,CNIR,201805_TEXAS_NAIP_0X6000M_UTM_CNIR,2018/11/20,32°46'52.47"N,97°05'37.42"W,32°48'53.47"N,97°07'35.71"W,32°48'49.79"N,97°03'34.03"W,32°44'51.43"N,97°03'39.21"W,32°44'55.10"N,97°07'40.71"W,32.7812416,-97.0937277,32.8148527,-97.126586,32.8138305,-97.0594527,32.7476194,-97.0608916,32.7486388,-97.1279749,M_3209716_SW_14_060_20181120,2792293,https://earthexplorer.usgs.gov/browse-link/15920/2792293
M_3209722_NE_14_060_20181120,TX,USDA,USDA-FSA-APFO,UTM,14N,NAD83,0.600000000000000,METER,4,CNIR,201805_TEXAS_NAIP_0X6000M_UTM_CNIR,2018/11/20,32°43'07.49"N,97°16'52.46"W,32°45'08.13"N,97°18'50.83"W,32°45'04.81"N,97°14'49.53"W,32°41'06.82"N,97°14'54.18"W,32°41'10.12"N,97°18'55.31"W,32.7187471,-97.2812388,32.7522583,-97.3141194,32.7513361,-97.2470916,32.6852277,-97.2483833,32.6861444,-97.3153638,M_3209722_NE_14_060_20181120,2792314,https://earthexplorer.usgs.gov/browse-link/15920/2792314
M_3209722_NW_14_060_20181120,TX,USDA,USDA-FSA-APFO,UTM,14N,NAD83,0.600000000000000,METER,4,CNIR,201805_TEXAS_NAIP_0X6000M_UTM_CNIR,2018/11/20,32°43'07.50"N,97°20'37.50"W,32°45'07.98"N,97°22'35.85"W,32°45'04.79"N,97°18'34.76"W,32°41'06.99"N,97°18'39.25"W,32°41'10.17"N,97°22'40.15"W,32.7187499,-97.3437499,32.7522166,-97.3766249,32.7513305,-97.3096555,32.6852749,-97.3109027,32.6861583,-97.3778193,M_3209722_NW_14_060_20181120,2792315,https://earthexplorer.usgs.gov/browse-link/15920/2792315
M_3209722_SE_14_060_20181120,TX,USDA,USDA-FSA-APFO,UTM,14N,NAD83,0.600000000000000,METER,4,CNIR,201805_TEXAS_NAIP_0X6000M_UTM_CNIR,2018/11/20,32°39'22.48"N,97°16'52.40"W,32°41'23.11"N,97°18'50.69"W,32°41'19.81"N,97°14'49.55"W,32°37'21.81"N,97°14'54.19"W,32°37'25.11"N,97°18'55.16"W,32.6562444,-97.2812221,32.6897527,-97.3140805,32.688836,-97.2470971,32.6227249,-97.248386,32.6236416,-97.3153222,M_3209722_SE_14_060_20181120,2792316,https://earthexplorer.usgs.gov/browse-link/15920/2792316
M_3209722_SW_14_060_20181120,TX,USDA,USDA-FSA-APFO,UTM,14N,NAD83,0.600000000000000,METER,4,CNIR,201805_TEXAS_NAIP_0X6000M_UTM_CNIR,2018/11/20,32°39'22.49"N,97°20'37.51"W,32°41'22.97"N,97°22'35.78"W,32°41'19.78"N,97°18'34.86"W,32°37'21.98"N,97°18'39.33"W,32°37'25.15"N,97°22'40.07"W,32.6562472,-97.3437527,32.6897138,-97.3766054,32.6888277,-97.3096833,32.6227721,-97.310925,32.6236527,-97.3777971,M_3209722_SW_14_060_20181120,2792317,https://earthexplorer.usgs.gov/browse-link/15920/2792317
M_3209723_NE_14_060_20181120,TX,USDA,USDA-FSA-APFO,UTM,14N,NAD83,0.600000000000000,METER,4,CNIR,201805_TEXAS_NAIP_0X6000M_UTM_CNIR,2018/11/20,32°43'07.43"N,97°09'22.51"W,32°45'08.28"N,97°11'20.82"W,32°45'04.72"N,97°07'19.30"W,32°41'06.55"N,97°07'24.29"W,32°41'10.09"N,97°11'25.64"W,32.7187304,-97.1562527,32.7523,-97.1891166,32.7513111,-97.1220277,32.6851527,-97.1234138,32.686136,-97.1904555,M_3209723_NE_14_060_20181120,2792318,https://earthexplorer.usgs.gov/browse-link/15920/2792318
M_3209723_NW_14_060_20181120,TX,USDA,USDA-FSA-APFO,UTM,14N,NAD83,0.600000000000000,METER,4,CNIR,201805_TEXAS_NAIP_0X6000M_UTM_CNIR,2018/11/20,32°43'07.47"N,97°13'07.54"W,32°45'08.16"N,97°15'05.83"W,32°45'04.73"N,97°11'04.53"W,32°41'06.74"N,97°11'09.35"W,32°41'10.17"N,97°15'10.47"W,32.7187416,-97.218761,32.7522666,-97.2516194,32.7513138,-97.1845916,32.6852055,-97.1859305,32.6861583,-97.2529083,M_3209723_NW_14_060_20181120,2792319,https://earthexplorer.usgs.gov/browse-link/15920/2792319
M_3209723_SE_14_060_20181120,TX,USDA,USDA-FSA-APFO,UTM,14N,NAD83,0.600000000000000,METER,4,CNIR,201805_TEXAS_NAIP_0X6000M_UTM_CNIR,2018/11/20,32°39'22.42"N,97°09'22.53"W,32°41'23.27"N,97°11'20.76"W,32°41'19.72"N,97°07'19.41"W,32°37'21.55"N,97°07'24.39"W,32°37'25.09"N,97°11'25.57"W,32.6562277,-97.1562583,32.6897971,-97.1890999,32.688811,-97.1220582,32.6226527,-97.1234416,32.623636,-97.190436,M_3209723_SE_14_060_20181120,2792320,https://earthexplorer.usgs.gov/browse-link/15920/2792320
M_3209723_SW_14_060_20181120,TX,USDA,USDA-FSA-APFO,UTM,14N,NAD83,0.600000000000000,METER,4,CNIR,201805_TEXAS_NAIP_0X6000M_UTM_CNIR,2018/11/20,32°39'22.46"N,97°13'07.41"W,32°41'23.15"N,97°15'05.61"W,32°41'19.72"N,97°11'04.48"W,32°37'21.74"N,97°11'09.29"W,32°37'25.15"N,97°15'10.24"W,32.6562388,-97.2187249,32.6897638,-97.2515583,32.688811,-97.1845777,32.6227054,-97.1859138,32.6236527,-97.2528444,M_3209723_SW_14_060_20181120,2792321,https://earthexplorer.usgs.gov/browse-link/15920/2792321
M_3209724_NE_14_060_20181120,TX,USDA,USDA-FSA-APFO,UTM,14N,NAD83,0.600000000000000,METER,4,CNIR,201805_TEXAS_NAIP_0X6000M_UTM_CNIR,2018/11/20,32°43'07.50"N,97°01'52.46"W,32°45'08.56"N,97°03'50.59"W,32°45'04.76"N,96°59'49.09"W,32°41'06.41"N,96°59'54.41"W,32°41'10.20"N,97°03'55.74"W,32.7187499,-97.0312388,32.7523777,-97.0640527,32.7513222,-96.9969694,32.6851138,-96.9984471,32.6861666,-97.0654833,M_3209724_NE_14_060_20181120,2792322,https://earthexplorer.usgs.gov/browse-link/15920/2792322
M_3209724_NW_14_060_20181120,TX,USDA,USDA-FSA-APFO,UTM,14N,NAD83,0.600000000000000,METER,4,CNIR,201805_TEXAS_NAIP_0X6000M_UTM_CNIR,2018/11/20,32°43'07.47"N,97°05'37.37"W,32°45'08.47"N,97°07'35.59"W,32°45'04.79"N,97°03'34.07"W,32°41'06.44"N,97°03'39.24"W,32°41'10.10"N,97°07'40.57"W,32.7187416,-97.0937138,32.7523527,-97.1265527,32.7513305,-97.0594638,32.6851221,-97.0609,32.6861388,-97.127936,M_3209724_NW_14_060_20181120,2792323,https://earthexplorer.usgs.gov/browse-link/15920/2792323
M_3209724_SE_14_060_20181120,TX,USDA,USDA-FSA-APFO,UTM,14N,NAD83,0.600000000000000,METER,4,CNIR,201805_TEXAS_NAIP_0X6000M_UTM_CNIR,2018/11/20,32°39'22.50"N,97°01'52.45"W,32°41'23.56"N,97°03'50.62"W,32°41'19.77"N,96°59'49.05"W,32°37'21.41"N,96°59'54.36"W,32°37'25.20"N,97°03'55.75"W,32.65625,-97.031236,32.6898777,-97.0640611,32.6888249,-96.9969583,32.6226138,-96.9984333,32.6236666,-97.0654861,M_3209724_SE_14_060_20181120,2792324,https://earthexplorer.usgs.gov/browse-link/15920/2792324
M_3209724_SW_14_060_20181120,TX,USDA,USDA-FSA-APFO,UTM,14N,NAD83,0.600000000000000,METER,4,CNIR,201805_TEXAS_NAIP_0X6000M_UTM_CNIR,2018/11/20,32°39'22.47"N,97°05'37.43"W,32°41'23.47"N,97°07'35.69"W,32°41'19.80"N,97°03'34.11"W,32°37'21.44"N,97°03'39.26"W,32°37'25.10"N,97°07'40.66"W,32.6562416,-97.0937305,32.6898527,-97.1265804,32.6888333,-97.059475,32.6226221,-97.0609055,32.6236388,-97.127961,M_3209724_SW_14_060_20181120,2792325,https://earthexplorer.usgs.gov/browse-link/15920/2792325
M_3209730_NE_14_060_20181120,TX,USDA,USDA-FSA-APFO,UTM,14N,NAD83,0.600000000000000,METER,4,CNIR,201805_TEXAS_NAIP_0X6000M_UTM_CNIR,2018/11/20,32°35'37.47"N,97°16'52.44"W,32°37'38.10"N,97°18'50.77"W,32°37'34.80"N,97°14'49.57"W,32°33'36.80"N,97°14'54.20"W,32°33'40.10"N,97°18'55.23"W,32.5937416,-97.2812332,32.6272499,-97.3141027,32.6263332,-97.2471027,32.5602222,-97.2483888,32.5611388,-97.3153416,M_3209730_NE_14_060_20181120,2792346,https://earthexplorer.usgs.gov/browse-link/15920/2792346
M_3209730_NW_14_060_20181120,TX,USDA,USDA-FSA-APFO,UTM,14N,NAD83,0.600000000000000,METER,4,CNIR,201805_TEXAS_NAIP_0X6000M_UTM_CNIR,2018/11/20,32°35'37.47"N,97°20'37.40"W,32°37'37.95"N,97°22'35.70"W,32°37'34.77"N,97°18'34.72"W,32°33'36.96"N,97°18'39.18"W,32°33'40.13"N,97°22'39.99"W,32.5937416,-97.3437221,32.6272082,-97.3765832,32.6263249,-97.3096444,32.5602666,-97.3108833,32.5611472,-97.3777749,M_3209730_NW_14_060_20181120,2792347,https://earthexplorer.usgs.gov/browse-link/15920/2792347
M_3309657_NE_14_060_20181120,TX,USDA,USDA-FSA-APFO,UTM,14N,NAD83,0.600000000000000,METER,4,CNIR,201805_TEXAS_NAIP_0X6000M_UTM_CNIR,2018/11/20,33°05'37.50"N,96°54'22.50"W,33°07'38.87"N,96°56'20.69"W,33°07'34.80"N,96°52'18.65"W,33°03'36.10"N,96°52'24.40"W,33°03'40.16"N,96°56'26.26"W,33.0937499,-96.90625,33.1274638,-96.9390805,33.1263332,-96.8718471,33.0600277,-96.8734443,33.0611555,-96.9406277,M_3309657_NE_14_060_20181120,2794467,https://earthexplorer.usgs.gov/browse-link/15920/2794467
M_3309657_NW_14_060_20181120,TX,USDA,USDA-FSA-APFO,UTM,14N,NAD83,0.600000000000000,METER,4,CNIR,201805_TEXAS_NAIP_0X6000M_UTM_CNIR,2018/11/20,33°05'37.52"N,96°58'07.43"W,33°07'38.64"N,97°00'05.71"W,33°07'34.69"N,96°56'03.66"W,33°03'36.37"N,96°56'09.23"W,33°03'40.31"N,97°00'11.11"W,33.0937555,-96.9687304,33.1273999,-97.0015861,33.1263027,-96.9343499,33.0601027,-96.9358971,33.0611972,-97.0030861,M_3309657_NW_14_060_20181120,2794468,https://earthexplorer.usgs.gov/browse-link/15920/2794468
M_3309657_SE_14_060_20181120,TX,USDA,USDA-FSA-APFO,UTM,14N,NAD83,0.600000000000000,METER,4,CNIR,201805_TEXAS_NAIP_0X6000M_UTM_CNIR,2018/11/20,33°01'52.52"N,96°54'22.39"W,33°03'53.89"N,96°56'20.62"W,33°03'49.82"N,96°52'18.52"W,32°59'51.12"N,96°52'24.25"W,32°59'55.17"N,96°56'26.18"W,33.0312554,-96.9062194,33.0649694,-96.939061,33.0638388,-96.871811,32.9975333,-96.8734027,32.9986583,-96.9406055,M_3309657_SE_14_060_20181120,2794469,https://earthexplorer.usgs.gov/browse-link/15920/2794469
M_3309657_SW_14_060_20181120,TX,USDA,USDA-FSA-APFO,UTM,14N,NAD83,0.600000000000000,METER,4,CNIR,201805_TEXAS_NAIP_0X6000M_UTM_CNIR,2018/11/20,33°01'52.44"N,96°58'07.51"W,33°03'53.66"N,97°00'05.71"W,33°03'49.72"N,96°56'03.83"W,32°59'51.20"N,96°56'09.40"W,32°59'55.13"N,97°00'11.10"W,33.0312332,-96.9687527,33.0649055,-97.0015861,33.0638111,-96.9343971,32.9975555,-96.9359444,32.9986471,-97.0030833,M_3309657_SW_14_060_20181120,2794470,https://earthexplorer.usgs.gov/browse-link/15920/2794470
M_3309658_NW_14_060_20181120,TX,USDA,USDA-FSA-APFO,UTM,14N,NAD83,0.600000000000000,METER,4,CNIR,201805_TEXAS_NAIP_0X6000M_UTM_CNIR,2018/11/20,33°05'37.56"N,96°50'37.46"W,33°07'38.99"N,96°52'35.68"W,33°07'34.79"N,96°48'33.41"W,33°03'36.10"N,96°48'39.33"W,33°03'40.28"N,96°52'41.41"W,33.0937666,-96.8437388,33.1274971,-96.8765777,33.1263304,-96.8092805,33.0600277,-96.810925,33.0611888,-96.8781693,M_3309658_NW_14_060_20181120,2794472,https://earthexplorer.usgs.gov/browse-link/15920/2794472
M_3309658_SW_14_060_20181120,TX,USDA,USDA-FSA-APFO,UTM,14N,NAD83,0.600000000000000,METER,4,CNIR,201805_TEXAS_NAIP_0X6000M_UTM_CNIR,2018/11/20,33°01'52.58"N,96°50'37.51"W,33°03'54.01"N,96°52'35.76"W,33°03'49.82"N,96°48'33.44"W,32°59'51.12"N,96°48'39.34"W,32°59'55.31"N,96°52'41.49"W,33.0312721,-96.8437527,33.0650027,-96.8765999,33.0638388,-96.8092888,32.9975333,-96.8109277,32.9986971,-96.8781916,M_3309658_SW_14_060_20181120,2794474,https://earthexplorer.usgs.gov/browse-link/15920/2794474
M_3309763_SE_14_060_20181120,TX,USDA,USDA-FSA-APFO,UTM,14N,NAD83,0.600000000000000,METER,4,CNIR,201805_TEXAS_NAIP_0X6000M_UTM_CNIR,2018/11/20,33°01'52.51"N,97°09'22.53"W,33°03'53.46"N,97°11'20.77"W,33°03'49.88"N,97°07'19.33"W,32°59'51.53"N,97°07'24.38"W,32°59'55.09"N,97°11'25.65"W,33.0312527,-97.1562583,33.06485,-97.1891027,33.0638555,-97.122036,32.9976471,-97.1234388,32.998636,-97.1904583,M_3309763_SE_14_060_20181120,2794734,https://earthexplorer.usgs.gov/browse-link/15920/2794734
M_3309764_NE_14_060_20181120,TX,USDA,USDA-FSA-APFO,UTM,14N,NAD83,0.600000000000000,METER,4,CNIR,201805_TEXAS_NAIP_0X6000M_UTM_CNIR,2018/11/20,33°05'37.53"N,97°01'52.48"W,33°07'38.69"N,97°03'50.73"W,33°07'34.87"N,96°59'48.90"W,33°03'36.34"N,96°59'54.31"W,33°03'40.15"N,97°03'55.96"W,33.0937583,-97.0312443,33.1274138,-97.0640916,33.1263527,-96.9969166,33.0600944,-96.9984194,33.0611527,-97.0655444,M_3309764_NE_14_060_20181120,2794736,https://earthexplorer.usgs.gov/browse-link/15920/2794736
M_3309764_NW_14_060_20181120,TX,USDA,USDA-FSA-APFO,UTM,14N,NAD83,0.600000000000000,METER,4,CNIR,201805_TEXAS_NAIP_0X6000M_UTM_CNIR,2018/11/20,33°05'37.52"N,97°05'37.53"W,33°07'38.43"N,97°07'35.76"W,33°07'34.73"N,97°03'34.15"W,33°03'36.58"N,97°03'39.38"W,33°03'40.27"N,97°07'40.81"W,33.0937555,-97.0937583,33.1273416,-97.1265999,33.1263138,-97.0594861,33.0601611,-97.0609388,33.0611861,-97.1280027,M_3309764_NW_14_060_20181120,2794737,https://earthexplorer.usgs.gov/browse-link/15920/2794737
M_3309764_SE_14_060_20181120,TX,USDA,USDA-FSA-APFO,UTM,14N,NAD83,0.600000000000000,METER,4,CNIR,201805_TEXAS_NAIP_0X6000M_UTM_CNIR,2018/11/20,33°01'52.54"N,97°01'52.51"W,33°03'53.71"N,97°03'50.81"W,33°03'49.89"N,96°59'48.91"W,32°59'51.35"N,96°59'54.31"W,32°59'55.17"N,97°03'56.02"W,33.031261,-97.0312527,33.0649194,-97.0641138,33.0638583,-96.9969194,32.9975971,-96.9984194,32.9986583,-97.0655611,M_3309764_SE_14_060_20181120,2794738,https://earthexplorer.usgs.gov/browse-link/15920/2794738
M_3309764_SW_14_060_20181120,TX,USDA,USDA-FSA-APFO,UTM,14N,NAD83,0.600000000000000,METER,4,CNIR,201805_TEXAS_NAIP_0X6000M_UTM_CNIR,2018/11/20,33°01'52.53"N,97°05'37.41"W,33°03'53.44"N,97°07'35.68"W,33°03'49.74"N,97°03'34.00"W,32°59'51.59"N,97°03'39.22"W,32°59'55.28"N,97°07'40.71"W,33.0312582,-97.0937249,33.0648444,-97.1265777,33.0638166,-97.0594444,32.9976638,-97.0608944,32.9986888,-97.1279749,M_3309764_SW_14_060_20181120,2794739,https://earthexplorer.usgs.gov/browse-link/15920/2794739
